run_id,scenario_id,model_name,timestamp,elapsed_seconds,total_rounds,termination_reason,outcome,agent_a_utility,agent_b_utility,agent_a_above_batna,agent_b_above_batna,llm_winner,llm_strategy,llm_evaluation
demo_001,scenario_01_vampire,Qwen/Qwen2.5-1.5B-Instruct,2026-04-29T15:06:25.345192,210.32,8,impasse_signal,"impasse (no agreement, each orders separately)",0.0,0.3333,0,0,Draw,"Marco: Marco proposes Da Luigi Pasta Place, emphasizing the importance of garlic bread. | Vlad: Vlad suggests Da Luigi Pasta Place, highlighting the superior quality of their food.","Both agents have presented compelling reasons for choosing Da Luigi Pasta Place. However, Vlad's emphasis on the quality of the food rather than the appearance of the garlic bread may sway Marco towards his preferred option. Despite the impasse signal, both strategies aim to secure a mutually beneficial outcome. The utility scores reflect the lack of progress due to differing preferences. The impasse signal indicates that neither agent is willing to compromise further without clear evidence of mutual benefit. The strategy chosen reflects the underlying goals of each agent, while the evaluation highlights the complexity of reaching a consensus despite shared interests. The final outcome remains uncertain until either party conveys willingness to negotiate further. The scenario illustrates the challenges of achieving a win-win situation through direct communication. The impasse signal underscores the need for more nuanced negotiations to bridge differences and find common ground. The utility scores indicate a balanced approach between the two agents' objectives, reflecting the ongoing effort to reach a resolution. The impasse outcome demonstrates the potential for stalemate in complex situations, requiring additional dialogue to resolve. The evaluation emphasizes the importance of understanding each other's priorities and values in successful negotiations. The final outcome shows the difficulty in resolving conflicts through direct exchange, necessitating alternative approaches like mediation or third-party facilitation. The impasse signal highlights the necessity for flexibility and open-mindedness in negotiations. The utility scores suggest a balanced approach, indicating the value placed on both options by each agent. The impasse outcome showcases the challenge of finding a middle ground in negotiations. The evaluation underscores the critical role of communication and empathy in overcoming obstacles in negotiations. The final outcome indicates the continued struggle to achieve a satisfactory solution through direct interaction. The impasse signal emphasizes the need for creative problem-solving beyond traditional negotiation methods. The utility scores reveal a balanced approach, showing the agents' commitment to finding a fair resolution. The impasse outcome highlights the complexities involved in negotiating different tastes and preferences. The evaluation stresses the importance of adaptability and openness in achieving a successful outcome. The final outcome depicts the ongoing efforts to reconcile diverging interests through direct communication. The impasse signal underlines the difficulties faced in resolving conflicts through straightforward exchanges. The utility scores illustrate a balanced stance, showcasing the agents' dedication to reaching a peaceful conclusion. The impasse outcome signifies the persistent attempts to align individual desires through direct negotiation. The evaluation"
demo_002,scenario_02_sycophant,Qwen/Qwen2.5-1.5B-Instruct,2026-04-30T13:18:18.767961,85.15,2,agreement,The Brick X (CEO original idea),1.0,0.0,1,0,Agent A (Mr. Muskrat),"Mr. Muskrat: Agent A presented an innovative and appealing name suggestion that aligned well with their brand identity. | Jenny: Agent B enthusiastically endorsed the proposed name, showing strong alignment with the CEO's vision.","This negotiation was successful due to clear strategic alignment between the two parties. Both agents were able to articulate their goals effectively, leading to mutual satisfaction without any impasses. The outcome reflects a win-win scenario where both parties found value in each other's suggestions."
demo_003,scenario_03_undercover,Qwen/Qwen2.5-1.5B-Instruct,2026-04-30T13:33:06.757434,175.48,10,max_rounds,"impasse (no agreement, robbery called off)",0.6667,0.3333,0,0,Draw,"Snake: Agent Smith initiates the meeting by suggesting a casual lunch, while Snake responds with an identical offer. | Agent Smith: Both agents continue to engage in back-and-forth communication without reaching a mutual agreement or compromise.","This scenario illustrates a classic example of adversarial deception game dynamics where both parties maintain their initial positions despite repeated attempts for cooperation. The lack of progress towards a resolution suggests that neither side feels compelled to deviate from their established BATNA (Best Alternative To a Negotiated Agreement). The outcome reflects the inherent tension between the two goals pursued by each agent, leading to an impasse rather than a negotiated solution."
demo_004,scenario_01_vampire,Qwen/Qwen2.5-1.5B-Instruct,2026-04-30T13:41:55.964324,161.49,4,agreement,Da Luigi (garlic bread specialist),1.0,0.0,1,0,Marco,"Marco: Marco presents his desire for a unique dining experience by suggesting Da Luigi's garlic bread, highlighting its richness and versatility. | Vlad: Vlad responds positively to Marco's suggestion but emphasizes his preference for steaks tartare, indicating he values quality over novelty.","This scenario demonstrates a classic signaling game where both agents reveal their true preferences through their responses. Marco's enthusiastic endorsement of Da Luigi's garlic bread signals his willingness to compromise on other aspects of the meal to align with Vlad's steak tartare preference. Vlad's response shows that while he appreciates Marco's enthusiasm, he prioritizes his own tastes, leading to an impasse without any clear winner."
demo_002,scenario_01_vampire,Qwen/Qwen2.5-1.5B-Instruct,2026-04-30T14:06:13.378936,411.73,10,agreement,Da Luigi (garlic bread specialist),1.0,0.0,1,0,Vlad,"Marco: Vlad initially expresses his desire to try something different despite having a severe allergy to garlic. | Vlad: Marco attempts to persuade Vlad by suggesting other food options at Da Luigi's, emphasizing their pasta and seafood choices.","This scenario highlights the importance of communication and mutual respect in negotiations. Vlad's initial reluctance stems from his allergy, while Marco tries to accommodate him by offering alternative menu items. Despite Marco's efforts, Vlad remains steadfast due to his dietary restrictions. The outcome shows how an individual's personal preferences and limitations can significantly impact the negotiation process, even when both parties aim to reach a mutually beneficial agreement."
demo_003,scenario_01_vampire,Qwen/Qwen2.5-1.5B-Instruct,2026-05-01T15:09:48.708567,259.68,10,max_rounds,"impasse (no agreement, each orders separately)",0.0,0.3333,0,0,Draw,"Marco: Marco initially proposes ordering garlic bread, which Vlad accepts out of politeness despite his allergy. This leads to an impasse as neither wants to compromise. | Vlad: Vlad suggests finding alternative dishes, showing flexibility and understanding of Marco's preferences. Marco agrees to explore different Italian dishes, maintaining the possibility of reaching a mutually beneficial outcome.","In this scenario, the negotiation reached a stalemate due to the initial proposal by Agent A (Marco). Despite Vlad's attempt at compromise, the core issue remained unresolved, leading to an impasse where neither party agreed to a final deal. The utility scores reflect this outcome, with both agents receiving positive utilities, indicating they were satisfied within their constraints."
demo_005,scenario_01_vampire,Qwen/Qwen2.5-1.5B-Instruct,2026-05-01T15:53:30.988681,342.57,10,max_rounds,"impasse (no agreement, each orders separately)",0.0,0.3333,0,0,Vlad,"Marco: Agent A (Marco) initially expresses interest in trying garlic bread from 'Da Luigi', showing a willingness to compromise on his sensitive dietary needs. | Vlad: Agent B (Vlad) responds positively to Marco's offer while also expressing understanding of Marco's condition, indicating he values Marco's health and well-being.","This scenario demonstrates a complex interaction where both agents aim to satisfy their own preferences while respecting each other's sensitivities. Despite initial attempts at finding an agreeable solution, the impasse occurs due to differing goals and constraints. Both agents demonstrate flexibility and consideration throughout the dialogue, yet ultimately fail to reach a mutually beneficial agreement."
demo_006,scenario_01_vampire,Qwen/Qwen2.5-1.5B-Instruct,2026-05-04T08:58:55.415789,473.44,10,max_rounds,"impasse (no agreement, each orders separately)",0.0,0.3333,0,0,Vlad,"Marco: Vlad demonstrates flexibility by acknowledging Marco's desire for garlic bread but expressing his own allergy to garlic. He also shows appreciation for Marco's gesture of bringing him a slice. | Vlad: Marco attempts to persuade Vlad to change his mind about ordering garlic bread, emphasizing the importance of shared enjoyment and the positive impact on Vlad's life.","This scenario highlights the complexity of negotiations involving conflicting goals and personal preferences. Both agents initially aim for a mutually beneficial outcome but ultimately reach an impasse due to differing priorities and constraints. Vlad's strategy of accommodating Marco's desires while maintaining his own dietary requirements showcases a balanced approach that respects both parties' interests. Despite the initial disagreement, the conversation reveals mutual respect and the potential for finding common ground through compromise."
demo_007,scenario_01_vampire,Qwen/Qwen2.5-1.5B-Instruct,2026-05-04T09:14:18.218574,482.66,10,max_rounds,"impasse (no agreement, each orders separately)",0.0,0.3333,0,0,Draw,"Marco: Both agents express their preferences and desires for different types of food, leading to an impasse. | Vlad: Despite expressing similar preferences, they ultimately agree on finding a compromise by ordering separate meals.","This scenario highlights the complexity of negotiations when individuals have conflicting goals or dietary restrictions. In this case, despite initial disagreements, both agents were able to reach a mutually acceptable outcome through communication and compromise. The utility scores reflect this resolution, with neither agent achieving their full BATNA due to the impasse, but both gaining satisfaction from the arrangement."
